episode,reward,steps,epsilon,success
1,-52.0,45,0.995,1
2,-66.0,32,0.990025,1
3,-259.0,144,0.985074875,1
4,-175.0,87,0.9801495006250001,1
5,-243.0,92,0.9752487531218751,1
6,-40.0,15,0.9703725093562657,1
7,-82.0,39,0.9655206468094844,1
8,-44.0,28,0.960693043575437,1
9,-203.0,115,0.9558895783575597,1
10,-165.0,77,0.9511101304657719,1
11,3.0,8,0.946354579813443,1
12,-80.0,28,0.9416228069143757,1
13,-77.0,34,0.9369146928798039,1
14,-419.0,151,0.9322301194154049,1
15,-7.0,18,0.9275689688183278,1
16,-13.0,24,0.9229311239742362,1
17,-19.0,12,0.918316468354365,1
18,-40.0,33,0.9137248860125932,1
19,-18.0,20,0.9091562615825302,1
20,-86.0,25,0.9046104802746175,1
21,-19.0,21,0.9000874278732445,1
22,-5.0,16,0.8955869907338783,1
23,-77.0,34,0.8911090557802088,1
24,-133.0,63,0.8866535105013078,1
25,-18.0,11,0.8822202429488013,1
26,-29.0,13,0.8778091417340573,1
27,-79.0,36,0.8734200960253871,1
28,-36.0,20,0.8690529955452602,1
29,-8.0,10,0.8647077305675338,1
30,-220.0,87,0.8603841919146962,1
31,-114.0,71,0.8560822709551227,1
32,-71.0,55,0.851801859600347,1
33,-38.0,13,0.8475428503023453,1
34,-66.0,23,0.8433051360508336,1
35,-9.0,20,0.8390886103705794,1
36,-79.0,72,0.8348931673187264,1
37,-65.0,40,0.8307187014821328,1
38,-22.0,15,0.8265651079747222,1
39,-38.0,31,0.8224322824348486,1
40,-26.0,10,0.8183201210226743,1
41,-17.0,19,0.8142285204175609,1
42,-152.0,55,0.810157377815473,1
43,0.0,11,0.8061065909263957,1
44,-35.0,19,0.8020760579717637,1
45,-24.0,17,0.798065677681905,1
46,1.0,10,0.7940753492934954,1
47,-3.0,14,0.7901049725470279,1
48,-24.0,17,0.7861544476842928,1
49,-53.0,37,0.7822236754458713,1
50,-101.0,31,0.778312557068642,1
51,-7.0,9,0.7744209942832988,1
52,-36.0,29,0.7705488893118823,1
53,-24.0,17,0.7666961448653229,1
54,-24.0,17,0.7628626641409962,1
55,-42.0,26,0.7590483508202912,1
56,4.0,7,0.7552531090661897,1
57,1.0,10,0.7514768435208588,1
58,-24.0,17,0.7477194593032545,1
59,2.0,9,0.7439808620067382,1
60,-13.0,15,0.7402609576967045,1
61,-65.0,49,0.736559652908221,1
62,-37.0,39,0.7328768546436799,1
63,5.0,6,0.7292124703704616,1
64,-9.0,20,0.7255664080186093,1
65,-54.0,29,0.7219385759785162,1
66,-20.0,22,0.7183288830986236,1
67,-2.0,13,0.7147372386831305,1
68,-6.0,8,0.7111635524897149,1
69,-9.0,11,0.7076077347272662,1
70,-11.0,13,0.7040696960536299,1
71,-23.0,16,0.7005493475733617,1
72,-53.0,28,0.697046600835495,1
73,-37.0,30,0.6935613678313175,1
74,-25.0,18,0.6900935609921609,1
75,-65.0,31,0.6866430931872001,1
76,5.0,6,0.6832098777212641,1
77,-9.0,11,0.6797938283326578,1
78,-29.0,22,0.6763948591909945,1
79,-131.0,52,0.6730128848950395,1
80,-70.0,27,0.6696478204705644,1
81,-18.0,20,0.6662995813682115,1
82,-1.0,12,0.6629680834613705,1
83,-8.0,10,0.6596532430440636,1
84,-20.0,13,0.6563549768288433,1
85,-27.0,20,0.653073201944699,1
86,-9.0,11,0.6498078359349755,1
87,-12.0,14,0.6465587967553006,1
88,-46.0,21,0.6433260027715241,1
89,-14.0,16,0.6401093727576664,1
90,-18.0,20,0.6369088258938781,1
91,-35.0,19,0.6337242817644086,1
92,-6.0,17,0.6305556603555866,1
93,-21.0,32,0.6274028820538087,1
94,1.0,10,0.6242658676435396,1
95,-23.0,16,0.6211445383053219,1
96,-13.0,15,0.6180388156137953,1
97,0.0,11,0.6149486215357263,1
98,1.0,10,0.6118738784280476,1
99,-9.0,11,0.6088145090359074,1
100,-9.0,11,0.6057704364907278,1
101,5.0,6,0.6027415843082742,1
102,-43.0,45,0.5997278763867329,1
103,1.0,10,0.5967292370047992,1
104,1.0,10,0.5937455908197752,1
105,-1.0,12,0.5907768628656763,1
106,-7.0,18,0.5878229785513479,1
107,4.0,7,0.5848838636585911,1
108,-34.0,18,0.5819594443402982,1
109,3.0,8,0.5790496471185967,1
110,-15.0,17,0.5761543988830038,1
111,1.0,10,0.5732736268885887,1
112,-15.0,17,0.5704072587541458,1
113,3.0,8,0.567555222460375,1
114,-3.0,14,0.5647174463480732,1
115,-20.0,13,0.5618938591163328,1
116,-20.0,13,0.5590843898207511,1
117,-20.0,13,0.5562889678716474,1
118,-38.0,13,0.5535075230322891,1
119,4.0,7,0.5507399854171277,1
120,-5.0,7,0.547986285490042,1
121,-20.0,13,0.5452463540625918,1
122,-13.0,15,0.5425201222922789,1
123,-7.0,18,0.5398075216808175,1
124,2.0,9,0.5371084840724134,1
125,-12.0,14,0.5344229416520513,1
126,-24.0,17,0.531750826943791,1
127,-3.0,14,0.5290920728090721,1
128,-13.0,15,0.5264466124450268,1
129,3.0,8,0.5238143793828016,1
130,-14.0,16,0.5211953074858876,1
131,-11.0,13,0.5185893309484582,1
132,-39.0,14,0.5159963842937159,1
133,-3.0,14,0.5134164023722473,1
134,-36.0,20,0.510849320360386,1
135,-6.0,17,0.5082950737585841,1
136,5.0,6,0.5057535983897912,1
137,3.0,8,0.5032248303978422,1
138,-22.0,24,0.500708706245853,1
139,-5.0,7,0.4982051627146237,1
140,-21.0,23,0.49571413690105054,1
141,-14.0,16,0.4932355662165453,1
142,-5.0,7,0.4907693883854626,1
143,-9.0,11,0.4883155414435353,1
144,-2.0,13,0.4858739637363176,1
145,-18.0,11,0.483444593917636,1
146,5.0,6,0.4810273709480478,1
147,-26.0,19,0.47862223409330756,1
148,4.0,7,0.47622912292284103,1
149,-21.0,14,0.4738479773082268,1
150,3.0,8,0.47147873742168567,1
151,3.0,8,0.46912134373457726,1
152,-70.0,27,0.46677573701590436,1
153,-2.0,13,0.46444185833082485,1
154,-14.0,16,0.46211964903917074,1
155,1.0,10,0.4598090507939749,1
156,-6.0,8,0.457510005540005,1
157,4.0,7,0.45522245551230495,1
158,1.0,10,0.4529463432347434,1
159,2.0,9,0.4506816115185697,1
160,2.0,9,0.4484282034609769,1
161,4.0,7,0.446186062443672,1
162,-17.0,10,0.4439551321314536,1
163,-9.0,11,0.4417353564707963,1
164,-6.0,8,0.43952667968844233,1
165,-6.0,8,0.43732904629000013,1
166,-6.0,8,0.4351424010585501,1
167,-25.0,18,0.43296668905325736,1
168,2.0,9,0.43080185560799106,1
169,-19.0,12,0.4286478463299511,1
170,-8.0,10,0.42650460709830135,1
171,-2.0,13,0.42437208406280985,1
172,-4.0,15,0.4222502236424958,1
173,-5.0,7,0.42013897252428334,1
174,4.0,7,0.4180382776616619,1
175,5.0,6,0.4159480862733536,1
176,4.0,7,0.41386834584198684,1
177,-7.0,9,0.4117990041127769,1
178,4.0,7,0.40974000909221303,1
179,3.0,8,0.40769130904675194,1
180,-8.0,10,0.40565285250151817,1
181,1.0,10,0.4036245882390106,1
182,1.0,10,0.4016064652978155,1
183,-6.0,8,0.3995984329713264,1
184,3.0,8,0.3976004408064698,1
185,5.0,6,0.39561243860243744,1
186,-12.0,14,0.3936343764094253,1
187,5.0,6,0.39166620452737816,1
188,5.0,6,0.3897078735047413,1
189,5.0,6,0.3877593341372176,1
190,-16.0,9,0.3858205374665315,1
191,0.0,11,0.38389143477919885,1
192,5.0,6,0.3819719776053028,1
193,2.0,9,0.3800621177172763,1
194,1.0,10,0.37816180712868996,1
195,4.0,7,0.37627099809304654,1
196,4.0,7,0.3743896431025813,1
197,5.0,6,0.37251769488706843,1
198,0.0,11,0.3706551064126331,1
199,0.0,11,0.36880183088056995,1
200,-9.0,11,0.3669578217261671,1
201,0.0,11,0.36512303261753626,1
202,0.0,11,0.3632974174544486,1
203,3.0,8,0.3614809303671764,1
204,-1.0,12,0.3596735257153405,1
205,5.0,6,0.3578751580867638,1
206,5.0,6,0.35608578229633,1
207,5.0,6,0.3543053533848483,1
208,5.0,6,0.35253382661792404,1
209,2.0,9,0.3507711574848344,1
210,-9.0,11,0.34901730169741024,1
211,5.0,6,0.3472722151889232,1
212,-5.0,7,0.3455358541129786,1
213,5.0,6,0.3438081748424137,1
214,0.0,11,0.3420891339682016,1
215,-33.0,26,0.3403786882983606,1
216,0.0,11,0.3386767948568688,1
217,5.0,6,0.33698341088258443,1
218,5.0,6,0.3352984938281715,1
219,4.0,7,0.33362200135903064,1
220,3.0,8,0.33195389135223546,1
221,4.0,7,0.3302941218954743,1
222,3.0,8,0.32864265128599696,1
223,4.0,7,0.326999438029567,1
224,3.0,8,0.3253644408394192,1
225,-2.0,13,0.3237376186352221,1
226,-15.0,8,0.322118930542046,1
227,5.0,6,0.32050833588933575,1
228,-5.0,7,0.31890579420988907,1
229,-7.0,9,0.3173112652388396,1
230,-8.0,10,0.3157247089126454,1
231,-8.0,10,0.3141460853680822,1
232,-7.0,9,0.3125753549412418,1
233,3.0,8,0.31101247816653554,1
234,-15.0,8,0.30945741577570285,1
235,5.0,6,0.3079101286968243,1
236,-9.0,11,0.3063705780533402,1
237,1.0,10,0.30483872516307353,1
238,5.0,6,0.3033145315372582,1
239,1.0,10,0.3017979588795719,1
240,5.0,6,0.30028896908517405,1
241,-5.0,7,0.2987875242397482,1
242,5.0,6,0.29729358661854943,1
243,-11.0,22,0.29580711868545667,1
244,4.0,7,0.2943280830920294,1
245,5.0,6,0.29285644267656924,1
246,5.0,6,0.2913921604631864,1
247,4.0,7,0.28993519966087045,1
248,4.0,7,0.2884855236625661,1
249,5.0,6,0.28704309604425327,1
250,5.0,6,0.285607880564032,1
251,5.0,6,0.28417984116121187,1
252,1.0,10,0.2827589419554058,1
253,-6.0,8,0.28134514724562876,1
254,-1.0,12,0.2799384215094006,1
255,4.0,7,0.27853872940185365,1
256,4.0,7,0.27714603575484437,1
257,5.0,6,0.2757603055760701,1
258,-7.0,9,0.2743815040481898,1
259,5.0,6,0.2730095965279488,1
260,3.0,8,0.27164454854530906,1
261,-5.0,7,0.2702863258025825,1
262,5.0,6,0.2689348941735696,1
263,-11.0,13,0.26759021970270175,1
264,3.0,8,0.2662522686041882,1
265,4.0,7,0.2649210072611673,1
266,5.0,6,0.26359640222486147,1
267,4.0,7,0.26227842021373715,1
268,4.0,7,0.2609670281126685,1
269,5.0,6,0.25966219297210513,1
270,2.0,9,0.2583638820072446,1
271,3.0,8,0.2570720625972084,1
272,-5.0,7,0.25578670228422234,1
273,-13.0,15,0.25450776877280124,1
274,-6.0,17,0.2532352299289372,1
275,2.0,9,0.2519690537792925,1
276,4.0,7,0.2507092085103961,1
277,5.0,6,0.2494556624678441,1
278,4.0,7,0.24820838415550486,1
279,5.0,6,0.24696734223472733,1
280,-7.0,9,0.2457325055235537,1
281,-16.0,9,0.24450384299593592,1
282,5.0,6,0.24328132378095624,1
283,2.0,9,0.24206491716205145,1
284,2.0,9,0.2408545925762412,1
285,1.0,10,0.23965031961336,1
286,-6.0,8,0.2384520680152932,1
287,-5.0,7,0.23725980767521673,1
288,1.0,10,0.23607350863684065,1
289,5.0,6,0.23489314109365644,1
290,3.0,8,0.23371867538818816,1
291,5.0,6,0.23255008201124722,1
292,4.0,7,0.231387331601191,1
293,5.0,6,0.23023039494318503,1
294,3.0,8,0.2290792429684691,1
295,5.0,6,0.22793384675362674,1
296,3.0,8,0.22679417751985861,1
297,3.0,8,0.22566020663225933,1
298,-7.0,9,0.22453190559909803,1
299,-8.0,10,0.22340924607110255,1
300,2.0,9,0.22229219984074702,1
301,4.0,7,0.2211807388415433,1
302,3.0,8,0.22007483514733558,1
303,3.0,8,0.2189744609715989,1
304,1.0,10,0.2178795886667409,1
305,5.0,6,0.2167901907234072,1
306,5.0,6,0.21570623976979014,1
307,5.0,6,0.21462770857094118,1
308,5.0,6,0.21355457002808648,1
309,-1.0,12,0.21248679717794605,1
310,5.0,6,0.21142436319205632,1
311,3.0,8,0.21036724137609603,1
312,5.0,6,0.20931540516921554,1
313,-10.0,12,0.20826882814336947,1
314,5.0,6,0.20722748400265262,1
315,5.0,6,0.20619134658263935,1
316,2.0,9,0.20516038984972615,1
317,-5.0,7,0.2041345879004775,1
318,5.0,6,0.2031139149609751,1
319,-5.0,7,0.20209834538617025,1
320,5.0,6,0.2010878536592394,1
321,3.0,8,0.2000824143909432,1
322,5.0,6,0.19908200231898848,1
323,2.0,9,0.19808659230739353,1
324,0.0,11,0.19709615934585656,1
325,-5.0,7,0.19611067854912728,1
326,3.0,8,0.19513012515638165,1
327,5.0,6,0.19415447453059972,1
328,4.0,7,0.19318370215794672,1
329,1.0,10,0.192217783647157,1
330,2.0,9,0.1912566947289212,1
331,3.0,8,0.1903004112552766,1
332,1.0,10,0.18934890919900021,1
333,5.0,6,0.18840216465300522,1
334,2.0,9,0.18746015382974018,1
335,5.0,6,0.1865228530605915,1
336,5.0,6,0.18559023879528855,1
337,-10.0,12,0.1846622876013121,1
338,4.0,7,0.18373897616330553,1
339,-16.0,9,0.182820281282489,1
340,5.0,6,0.18190617987607657,1
341,5.0,6,0.18099664897669618,1
342,-6.0,8,0.1800916657318127,1
343,3.0,8,0.17919120740315364,1
344,5.0,6,0.17829525136613786,1
345,5.0,6,0.17740377510930716,1
346,5.0,6,0.17651675623376062,1
347,5.0,6,0.1756341724525918,1
348,5.0,6,0.17475600159032884,1
349,5.0,6,0.17388222158237718,1
350,5.0,6,0.1730128104744653,1
351,5.0,6,0.17214774642209296,1
352,3.0,8,0.1712870076899825,1
353,4.0,7,0.17043057265153258,1
354,5.0,6,0.16957841978827493,1
355,-17.0,10,0.16873052768933355,1
356,5.0,6,0.1678868750508869,1
357,-5.0,7,0.16704744067563246,1
358,4.0,7,0.1662122034722543,1
359,5.0,6,0.16538114245489302,1
360,5.0,6,0.16455423674261854,1
361,5.0,6,0.16373146555890544,1
362,-5.0,7,0.16291280823111093,1
363,1.0,10,0.16209824418995536,1
364,5.0,6,0.16128775296900558,1
365,1.0,10,0.16048131420416054,1
366,2.0,9,0.15967890763313974,1
367,-6.0,8,0.15888051309497406,1
368,3.0,8,0.1580861105294992,1
369,5.0,6,0.1572956799768517,1
370,5.0,6,0.15650920157696743,1
371,5.0,6,0.1557266555690826,1
372,5.0,6,0.1549480222912372,1
373,5.0,6,0.15417328217978102,1
374,5.0,6,0.1534024157688821,1
375,5.0,6,0.1526354036900377,1
376,4.0,7,0.1518722266715875,1
377,1.0,10,0.15111286553822956,1
378,2.0,9,0.15035730121053842,1
379,5.0,6,0.14960551470448571,1
380,5.0,6,0.14885748713096328,1
381,5.0,6,0.14811319969530845,1
382,5.0,6,0.1473726336968319,1
383,5.0,6,0.14663577052834775,1
384,5.0,6,0.14590259167570602,1
385,5.0,6,0.1451730787173275,1
386,2.0,9,0.14444721332374086,1
387,2.0,9,0.14372497725712216,1
388,-10.0,12,0.14300635237083656,1
389,5.0,6,0.14229132060898236,1
390,5.0,6,0.14157986400593744,1
391,2.0,9,0.14087196468590776,1
392,5.0,6,0.14016760486247823,1
393,3.0,8,0.13946676683816583,1
394,5.0,6,0.138769433003975,1
395,-5.0,7,0.13807558583895513,1
396,5.0,6,0.13738520790976036,1
397,5.0,6,0.13669828187021155,1
398,5.0,6,0.13601479046086049,1
399,-1.0,12,0.1353347165085562,1
400,5.0,6,0.1346580429260134,1
401,5.0,6,0.13398475271138335,1
402,4.0,7,0.13331482894782642,1
403,5.0,6,0.13264825480308728,1
404,5.0,6,0.13198501352907185,1
405,5.0,6,0.1313250884614265,1
406,5.0,6,0.13066846301911936,1
407,4.0,7,0.13001512070402377,1
408,5.0,6,0.12936504510050365,1
409,5.0,6,0.12871821987500112,1
410,2.0,9,0.12807462877562611,1
411,-3.0,14,0.12743425563174798,1
412,5.0,6,0.12679708435358925,1
413,5.0,6,0.1261630989318213,1
414,4.0,7,0.1255322834371622,1
415,5.0,6,0.12490462201997637,1
416,5.0,6,0.1242800989098765,1
417,5.0,6,0.12365869841532712,1
418,-5.0,7,0.12304040492325048,1
419,3.0,8,0.12242520289863423,1
420,-6.0,8,0.12181307688414106,1
421,4.0,7,0.12120401149972035,1
422,5.0,6,0.12059799144222175,1
423,5.0,6,0.11999500148501063,1
424,3.0,8,0.11939502647758558,1
425,5.0,6,0.11879805134519765,1
426,5.0,6,0.11820406108847166,1
427,5.0,6,0.1176130407830293,1
428,5.0,6,0.11702497557911415,1
429,4.0,7,0.11643985070121858,1
430,3.0,8,0.11585765144771248,1
431,5.0,6,0.11527836319047392,1
432,5.0,6,0.11470197137452155,1
433,3.0,8,0.11412846151764894,1
434,5.0,6,0.1135578192100607,1
435,5.0,6,0.11299003011401039,1
436,5.0,6,0.11242507996344034,1
437,5.0,6,0.11186295456362313,1
438,3.0,8,0.11130363979080501,1
439,5.0,6,0.11074712159185099,1
440,5.0,6,0.11019338598389174,1
441,5.0,6,0.10964241905397228,1
442,-5.0,7,0.10909420695870241,1
443,5.0,6,0.1085487359239089,1
444,5.0,6,0.10800599224428936,1
445,5.0,6,0.10746596228306791,1
446,5.0,6,0.10692863247165257,1
447,5.0,6,0.1063939893092943,1
448,-7.0,9,0.10586201936274783,1
449,5.0,6,0.10533270926593409,1
450,5.0,6,0.10480604571960442,1
451,4.0,7,0.1042820154910064,1
452,5.0,6,0.10376060541355137,1
453,-7.0,9,0.1032418023864836,1
454,5.0,6,0.10272559337455119,1
455,3.0,8,0.10221196540767843,1
456,5.0,6,0.10170090558064004,1
457,3.0,8,0.10119240105273684,1
458,5.0,6,0.10068643904747315,1
459,5.0,6,0.10018300685223579,1
460,-7.0,9,0.0996820918179746,1
461,4.0,7,0.09918368135888474,1
462,5.0,6,0.09868776295209031,1
463,5.0,6,0.09819432413732986,1
464,5.0,6,0.09770335251664321,1
465,5.0,6,0.09721483575406,1
466,5.0,6,0.09672876157528969,1
467,4.0,7,0.09624511776741324,1
468,5.0,6,0.09576389217857617,1
469,5.0,6,0.09528507271768329,1
470,3.0,8,0.09480864735409487,1
471,4.0,7,0.0943346041173244,1
472,5.0,6,0.09386293109673778,1
473,-5.0,7,0.09339361644125409,1
474,5.0,6,0.09292664835904782,1
475,5.0,6,0.09246201511725258,1
476,-2.0,13,0.09199970504166631,1
477,-5.0,7,0.09153970651645797,1
478,3.0,8,0.09108200798387568,1
479,2.0,9,0.0906265979439563,1
480,5.0,6,0.09017346495423652,1
481,5.0,6,0.08972259762946533,1
482,5.0,6,0.089273984641318,1
483,5.0,6,0.0888276147181114,1
484,3.0,8,0.08838347664452084,1
485,5.0,6,0.08794155926129824,1
486,5.0,6,0.08750185146499175,1
487,5.0,6,0.08706434220766679,1
488,5.0,6,0.08662902049662846,1
489,5.0,6,0.08619587539414532,1
490,5.0,6,0.08576489601717459,1
491,5.0,6,0.08533607153708872,1
492,5.0,6,0.08490939117940327,1
493,-5.0,7,0.08448484422350626,1
494,5.0,6,0.08406242000238873,1
495,5.0,6,0.08364210790237678,1
496,4.0,7,0.0832238973628649,1
497,4.0,7,0.08280777787605056,1
498,3.0,8,0.08239373898667031,1
499,4.0,7,0.08198177029173696,1
500,5.0,6,0.08157186144027828,1
